{"cameraMode":{"drawMode":1,"name":"Wireframe","section":"Shading Mode"},"sceneLighting":true,"audioPlay":false,"sceneViewState":{"showFog":true,"showMaterialUpdate":true,"showSkybox":true,"showFlares":true,"showImageEffects":true,"showParticleSystems":true},"in2DMode":false,"pivot":{"x":-0.109375,"y":-0.987812876701355,"z":-0.3742915391921997},"rotation":{"x":0.052409280091524127,"y":-0.050307512283325198,"z":0.002643576357513666,"w":0.9973543882369995},"size":7.425118446350098,"orthographic":true}