{"cameraMode":{"drawMode":0,"name":"Shaded","section":"Shading Mode"},"sceneLighting":true,"audioPlay":false,"sceneViewState":{"showFog":true,"showMaterialUpdate":true,"showSkybox":true,"showFlares":true,"showImageEffects":true,"showParticleSystems":true},"in2DMode":false,"pivot":{"x":-29.647010803222658,"y":-2.4177608489990236,"z":-16.83879280090332},"rotation":{"x":-0.08080220967531204,"y":0.7885773181915283,"z":-0.10616330057382584,"w":-0.6003509759902954},"size":49.501956939697269,"orthographic":false}