{"cameraMode":{"drawMode":0,"name":"Shaded","section":"Shading Mode"},"sceneLighting":true,"audioPlay":false,"sceneViewState":{"showFog":true,"showMaterialUpdate":true,"showSkybox":true,"showFlares":true,"showImageEffects":true,"showParticleSystems":true},"in2DMode":false,"pivot":{"x":-5.060218811035156,"y":-18.74678611755371,"z":43.02146911621094},"rotation":{"x":-0.22372592985630036,"y":0.2600095868110657,"z":-0.06208319216966629,"w":-0.937317967414856},"size":48.91191101074219,"orthographic":false}